{
  "/mnt/hdd-data/vaidya/dataset/raise/10153r79d0ecdbt.png": -0.09843798478444421,
  "/mnt/hdd-data/vaidya/dataset/raise/10442r3d0b0c40t.png": 0.03531159957249952,
  "/mnt/hdd-data/vaidya/dataset/raise/10345r548e71eat.png": -0.007626036802927727,
  "/mnt/hdd-data/vaidya/dataset/raise/10000r4f0ee507t.png": -0.0011440118153889234,
  "/mnt/hdd-data/vaidya/dataset/raise/10063r53e19f14t.png": -0.0641563733418784,
  "/mnt/hdd-data/vaidya/dataset/raise/10017ra440bb3et.png": -0.021929816653331116,
  "/mnt/hdd-data/vaidya/dataset/raise/10079r676af044t.png": 0.05346361796061194,
  "/mnt/hdd-data/vaidya/dataset/raise/10157r79d0ecdbt.png": -0.0242617130279541,
  "/mnt/hdd-data/vaidya/dataset/raise/10197r953d04bdt.png": -0.0526023805141449,
  "/mnt/hdd-data/vaidya/dataset/raise/10053r361feefft.png": -0.03341375788052875,
  "/mnt/hdd-data/vaidya/dataset/raise/10037r41d1af10t.png": -0.0744122862815857,
  "/mnt/hdd-data/vaidya/dataset/raise/10222r7a8bc496t.png": -0.050057907899220766,
  "/mnt/hdd-data/vaidya/dataset/raise/10139r2449c151t.png": -0.0026688178380329663,
  "/mnt/hdd-data/vaidya/dataset/raise/10475r2f92ccf7t.png": -9.743745128314163e-05,
  "/mnt/hdd-data/vaidya/dataset/raise/10465ra413ed3at.png": -0.05015132824579882,
  "/mnt/hdd-data/vaidya/dataset/raise/10356r53e1337ft.png": -0.040751417477925544,
  "/mnt/hdd-data/vaidya/dataset/raise/10342r548e71eat.png": -0.035886208216349136,
  "/mnt/hdd-data/vaidya/dataset/raise/10020ra440bb3et.png": -0.07064717014630639,
  "/mnt/hdd-data/vaidya/dataset/raise/10375r599db951t.png": -0.06082803010940552,
  "/mnt/hdd-data/vaidya/dataset/raise/10080r2e777e32t.png": 0.013541320959726932,
  "/mnt/hdd-data/vaidya/dataset/raise/10425r4e7e3cc2t.png": 0.029442985852559556,
  "/mnt/hdd-data/vaidya/dataset/raise/10143r3898a80et.png": -0.10761843125025439,
  "/mnt/hdd-data/vaidya/dataset/raise/10070r53e19f14t.png": -0.05851699908574437,
  "/mnt/hdd-data/vaidya/dataset/raise/10351r548e71eat.png": -0.02422255277633667,
  "/mnt/hdd-data/vaidya/dataset/raise/10170r5e2269f2t.png": 0.02883050839106238,
  "/mnt/hdd-data/vaidya/dataset/raise/10117r7ecdbefat.png": -0.17224903901418054,
  "/mnt/hdd-data/vaidya/dataset/raise/10365rab504661t.png": -0.03213195006052649,
  "/mnt/hdd-data/vaidya/dataset/raise/10455r8ab15e7bt.png": -0.07698777318000793,
  "/mnt/hdd-data/vaidya/dataset/raise/10451r8ab15e7bt.png": -0.027604500452677483,
  "/mnt/hdd-data/vaidya/dataset/raise/10183r40d5b97ct.png": 0.060796499252319225,
  "/mnt/hdd-data/vaidya/dataset/raise/10179r40d5b97ct.png": 0.02149556080500281,
  "/mnt/hdd-data/vaidya/dataset/raise/10084r2e777e32t.png": -0.059463222821553474,
  "/mnt/hdd-data/vaidya/dataset/raise/10043r41d1af10t.png": -0.0610851446787517,
  "/mnt/hdd-data/vaidya/dataset/raise/10024r5b9ad263t.png": -0.03804256518681848,
  "/mnt/hdd-data/vaidya/dataset/raise/10189r93de3d4dt.png": -0.09180667002995813,
  "/mnt/hdd-data/vaidya/dataset/raise/10391r072d955bt.png": -0.07160695393880201,
  "/mnt/hdd-data/vaidya/dataset/raise/10235r7d81a340t.png": -0.016783634821573856,
  "/mnt/hdd-data/vaidya/dataset/raise/10438r86fb2956t.png": 0.018680334091186523,
  "/mnt/hdd-data/vaidya/dataset/raise/10059r361feefft.png": 0.05016767978668213,
  "/mnt/hdd-data/vaidya/dataset/raise/10033r5b9ad263t.png": 0.018775423367818234,
  "/mnt/hdd-data/vaidya/dataset/raise/10432r86fb2956t.png": 0.005392571290334103,
  "/mnt/hdd-data/vaidya/dataset/raise/10422r4e7e3cc2t.png": -0.009623189767201779,
  "/mnt/hdd-data/vaidya/dataset/raise/10097r29d5acd4t.png": -0.030976394812265995,
  "/mnt/hdd-data/vaidya/dataset/raise/10368rab504661t.png": -0.009885450204213608,
  "/mnt/hdd-data/vaidya/dataset/raise/10216r38f98ea6t.png": 0.007388949394226074,
  "/mnt/hdd-data/vaidya/dataset/raise/10211r38f98ea6t.png": -0.07144189377625781,
  "/mnt/hdd-data/vaidya/dataset/raise/10261r6e89ce90t.png": 0.06999385356903076,
  "/mnt/hdd-data/vaidya/dataset/raise/10039r41d1af10t.png": -0.0659181376298269,
  "/mnt/hdd-data/vaidya/dataset/raise/10468ra413ed3at.png": -0.018374860286712646,
  "/mnt/hdd-data/vaidya/dataset/raise/10248r6c18634at.png": 0.05996084213256836,
  "/mnt/hdd-data/vaidya/dataset/raise/10215r38f98ea6t.png": -0.004890461762746212,
  "/mnt/hdd-data/vaidya/dataset/raise/10321rb1e9e1fdt.png": -0.11708504954973853,
  "/mnt/hdd-data/vaidya/dataset/raise/10462ra413ed3at.png": -0.03648561239242565,
  "/mnt/hdd-data/vaidya/dataset/raise/10452r8ab15e7bt.png": -0.05751560131708777,
  "/mnt/hdd-data/vaidya/dataset/raise/10013ra440bb3et.png": -0.042529359459877014,
  "/mnt/hdd-data/vaidya/dataset/raise/10502r57fce93et.png": 0.023698310057322147,
  "/mnt/hdd-data/vaidya/dataset/raise/10318rb1e9e1fdt.png": -0.10806012153625488,
  "/mnt/hdd-data/vaidya/dataset/raise/10205r953d04bdt.png": -0.016789674758911133,
  "/mnt/hdd-data/vaidya/dataset/raise/10322rb1e9e1fdt.png": -0.07495637734731037,
  "/mnt/hdd-data/vaidya/dataset/raise/10306r8c975bcbt.png": -0.08268461624781287,
  "/mnt/hdd-data/vaidya/dataset/raise/10295ra9586459t.png": -0.01341855525970459,
  "/mnt/hdd-data/vaidya/dataset/raise/10119r7ecdbefat.png": -0.14935266971588135,
  "/mnt/hdd-data/vaidya/dataset/raise/10328ra5d9d965t.png": -0.04664653539657593,
  "/mnt/hdd-data/vaidya/dataset/raise/10505ra37d7ffft.png": 0.050873637199401855,
  "/mnt/hdd-data/vaidya/dataset/raise/10282r8fafc1a2t.png": 0.013837575912475586,
  "/mnt/hdd-data/vaidya/dataset/raise/10426r4e7e3cc2t.png": 0.020795007546742683,
  "/mnt/hdd-data/vaidya/dataset/raise/10408r127608abt.png": -0.036190470059712765,
  "/mnt/hdd-data/vaidya/dataset/raise/10113r07d13149t.png": 0.011882563432057625,
  "/mnt/hdd-data/vaidya/dataset/raise/10286ra9586459t.png": -0.031178678075472477,
  "/mnt/hdd-data/vaidya/dataset/raise/10266r2ab88c5dt.png": -0.07356139024098718,
  "/mnt/hdd-data/vaidya/dataset/raise/10124r7ecdbefat.png": -0.15745822588602698,
  "/mnt/hdd-data/vaidya/dataset/raise/10147r3898a80et.png": -0.15052239100138354,
  "/mnt/hdd-data/vaidya/dataset/raise/10140r3898a80et.png": -0.10438903172810865,
  "/mnt/hdd-data/vaidya/dataset/raise/10311r83707174t.png": 0.008624672889709473,
  "/mnt/hdd-data/vaidya/dataset/raise/10150r3898a80et.png": -0.08048530419667554,
  "/mnt/hdd-data/vaidya/dataset/raise/10077r676af044t.png": -0.005920608838399177,
  "/mnt/hdd-data/vaidya/dataset/raise/10362r53e1337ft.png": -0.06818242867787672,
  "/mnt/hdd-data/vaidya/dataset/raise/10123r7ecdbefat.png": -0.17204711834589637,
  "/mnt/hdd-data/vaidya/dataset/raise/10054r361feefft.png": 0.026110033194224003,
  "/mnt/hdd-data/vaidya/dataset/raise/10308r83707174t.png": -0.11019279559453332,
  "/mnt/hdd-data/vaidya/dataset/raise/10228r7a8bc496t.png": -0.02958722909291578,
  "/mnt/hdd-data/vaidya/dataset/raise/10201r953d04bdt.png": -0.030066728591918945,
  "/mnt/hdd-data/vaidya/dataset/raise/10133r2449c151t.png": -0.0201227068901062,
  "/mnt/hdd-data/vaidya/dataset/raise/10232r7d81a340t.png": -0.041909555594126346,
  "/mnt/hdd-data/vaidya/dataset/raise/10326rb1e9e1fdt.png": -0.07713523507118225,
  "/mnt/hdd-data/vaidya/dataset/raise/10184r93de3d4dt.png": -0.055591464042663574,
  "/mnt/hdd-data/vaidya/dataset/raise/10416r4e7e3cc2t.png": -0.005801737308502197,
  "/mnt/hdd-data/vaidya/dataset/raise/10212r38f98ea6t.png": 0.009673158327738518,
  "/mnt/hdd-data/vaidya/dataset/raise/10093r29d5acd4t.png": -0.014189481735229492,
  "/mnt/hdd-data/vaidya/dataset/raise/10355r53e1337ft.png": -0.040387650330861447,
  "/mnt/hdd-data/vaidya/dataset/raise/10094r29d5acd4t.png": -0.016866544882456425,
  "/mnt/hdd-data/vaidya/dataset/raise/10127r7ecdbefat.png": -0.15967812140782667,
  "/mnt/hdd-data/vaidya/dataset/raise/10256r6e89ce90t.png": 0.016587893168131584,
  "/mnt/hdd-data/vaidya/dataset/raise/10285ra9586459t.png": -0.02754970391591388,
  "/mnt/hdd-data/vaidya/dataset/raise/10174r40d5b97ct.png": 0.007810513178507561,
  "/mnt/hdd-data/vaidya/dataset/raise/10456r8ab15e7bt.png": -0.032735904057820675,
  "/mnt/hdd-data/vaidya/dataset/raise/10296r8c975bcbt.png": -0.10711065928141283,