{
  "000000011010.jpg": -0.031198766082525253,
  "000000014591.jpg": -0.02581956423819065,
  "000000016796.jpg": -0.04513333737850189,
  "000000048417.jpg": -0.028628485277295113,
  "000000060010.jpg": -0.030215740203857422,
  "000000071280.jpg": -0.05328274890780449,
  "000000073697.jpg": -0.037021733820438385,
  "000000082718.jpg": -0.047263164073228836,
  "000000140667.jpg": -0.03996804356575012,
  "000000144831.jpg": -0.05056806281208992,
  "000000160402.jpg": -0.059062667191028595,
  "000000206107.jpg": -0.035895951092243195,
  "000000211445.jpg": -0.025792445987462997,
  "000000237496.jpg": -0.059691477566957474,
  "000000242194.jpg": -0.05163657292723656,
  "000000249835.jpg": -0.04548128321766853,
  "000000285742.jpg": -0.03887319192290306,
  "000000303321.jpg": -0.04842772334814072,
  "000000319192.jpg": -0.04563780501484871,
  "000000355575.jpg": -0.019188178703188896,
  "000000393297.jpg": -0.03455246612429619,
  "000000395627.jpg": -0.04003823548555374,
  "000000398301.jpg": -0.033859770745038986,
  "000000424300.jpg": -0.04565870761871338,
  "000000424712.jpg": -0.055904097855091095,
  "000000445313.jpg": -0.04398641735315323,
  "000000450483.jpg": -0.04841310530900955,
  "000000456147.jpg": -0.06174153834581375,
  "000000463467.jpg": -0.04037996381521225,
  "000000468095.jpg": -0.032214339822530746,
  "000000497082.jpg": -0.02818211354315281,
  "000000508167.jpg": -0.016812121495604515,
  "000000516365.jpg": -0.03988426551222801,
  "000000524470.jpg": -0.04252846539020538,
  "000000526663.jpg": -0.03997306153178215,
  "000000551170.jpg": -0.03087933547794819,
  "000000565570.jpg": -0.03608115389943123,
  "img13911.jpg": -0.0418534092605114,
  "img2105.jpg": -0.049860626459121704,
  "img24165.jpg": -0.06302555650472641,
  "rotate000000014591.jpg": -0.02579391375184059,
  "rotate000000044165.jpg": -0.06586659699678421,
  "rotate000000048601.jpg": -0.017773568630218506,
  "rotate000000065356.jpg": -0.04456518590450287,
  "rotate000000099927.jpg": -0.040208328515291214,
  "rotate000000103414.jpg": -0.04902627691626549,
  "rotate000000105339.jpg": -0.03185074403882027,
  "rotate000000118546.jpg": -0.042699266225099564,
  "rotate000000135167.jpg": -0.033563219010829926,
  "rotate000000143420.jpg": -0.04119567945599556,
  "rotate000000153814.jpg": -0.04764380678534508,
  "rotate000000160402.jpg": -0.05908466503024101,
  "rotate000000166932.jpg": -0.04185718670487404,
  "rotate000000171647.jpg": -0.03906886652112007,
  "rotate000000173640.jpg": -0.02495729550719261,
  "rotate000000173695.jpg": -0.026562463492155075,
  "rotate000000190929.jpg": -0.05294056609272957,
  "rotate000000193398.jpg": -0.03726980835199356,
  "rotate000000209383.jpg": -0.05299210175871849,
  "rotate000000214067.jpg": -0.03420102223753929,
  "rotate000000219966.jpg": -0.02539738081395626,
  "rotate000000225721.jpg": -0.02920490875840187,
  "rotate000000231393.jpg": -0.05437467247247696,
  "rotate000000235446.jpg": -0.04153710603713989,
  "rotate000000249835.jpg": -0.04788843169808388,
  "rotate000000261605.jpg": -0.028472241014242172,
  "rotate000000262654.jpg": -0.046058159321546555,
  "rotate000000280941.jpg": -0.04815126955509186,
  "rotate000000297620.jpg": -0.034595031291246414,
  "rotate000000307379.jpg": -0.04335467144846916,
  "rotate000000318071.jpg": -0.05217941850423813,
  "rotate000000336563.jpg": -0.038779839873313904,
  "rotate000000361773.jpg": -0.03190932795405388,
  "rotate000000362091.jpg": -0.04190476983785629,
  "rotate000000388070.jpg": -0.021606476977467537,
  "rotate000000388500.jpg": -0.044362638145685196,
  "rotate000000393724.jpg": -0.036770131438970566,
  "rotate000000396853.jpg": -0.053158290684223175,
  "rotate000000397742.jpg": -0.03966222703456879,
  "rotate000000398301.jpg": -0.03423565998673439,
  "rotate000000399747.jpg": -0.027064355090260506,
  "rotate000000424712.jpg": -0.0555274523794651,
  "rotate000000429236.jpg": -0.03058890998363495,
  "rotate000000440484.jpg": -0.03945818543434143,
  "rotate000000468095.jpg": -0.032196879386901855,
  "rotate000000490869.jpg": -0.024234337732195854,
  "rotate000000517899.jpg": -0.03564189001917839,
  "rotate000000526663.jpg": -0.03955201059579849,
  "rotate000000527345.jpg": -0.03511035442352295,
  "rotate000000532748.jpg": -0.05583915486931801,
  "rotate000000533454.jpg": -0.03558448702096939,
  "rotate000000549932.jpg": -0.04187426716089249,
  "rotate000000557107.jpg": -0.02777533419430256,
  "rotate000000566325.jpg": -0.035276856273412704,
  "rotate000000567013.jpg": -0.04295874387025833,
  "rotate000000569957.jpg": -0.016067711636424065,
  "rotate000000570586.jpg": -0.04997223615646362,
  "rotateimg12691.jpg": -0.07040992379188538,
  "rotateimg1903.jpg": -0.06156674399971962,
  "rotateimg33059.jpg": -0.03660423681139946
}