{
  "101img250.png": -0.020569076761603355,
  "111img293.png": -0.03582482784986496,
  "115img292.png": -0.02592821978032589,
  "126img245.png": -0.0363130047917366,
  "132img127.png": -0.011041874997317791,
  "145img20.png": -0.01965472288429737,
  "15img125.png": -0.06747367233037949,
  "167img18.png": -0.020844509825110435,
  "171img137.png": -0.019683895632624626,
  "191img282.png": -0.020722240209579468,
  "207img268.png": -0.05057407543063164,
  "222img136.png": -0.014101367443799973,
  "233img25.png": -0.0235897246748209,
  "234img25.png": -0.023637188598513603,
  "239img308.png": -0.03841063752770424,
  "245img27.png": -0.012065906077623367,
  "258img108.png": -0.018513908609747887,
  "259img108.png": -0.019957369193434715,
  "264img242.png": -0.02111515961587429,
  "274img281.png": -0.035310789942741394,
  "278img280.png": -0.02629479020833969,
  "289img257.png": -0.01641812175512314,
  "303img121.png": -0.013620445504784584,
  "318img344.png": -0.06679657101631165,
  "334img69.png": -0.016539612784981728,
  "368img218.png": -0.0221913643181324,
  "383img225.png": -0.02501114085316658,
  "393img190.png": -0.012934131547808647,
  "399img184.png": -0.03892598673701286,
  "412img392.png": -0.01706399768590927,
  "434img83.png": -0.020327825099229813,
  "437img97.png": -0.012937959283590317,
  "440img345.png": -0.013831263408064842,
  "452img353.png": -0.014645786955952644,
  "457img347.png": -0.0413799062371254,
  "468img42.png": -0.016331052407622337,
  "475img56.png": -0.029372064396739006,
  "47img246.png": -0.019847813993692398,
  "480img179.png": -0.02615482360124588,
  "491img145.png": -0.03288669139146805,
  "494img192.png": -0.016500212252140045,
  "49img252.png": -0.02134774997830391,
  "505img233.png": -0.01450232695788145,
  "50img252.png": -0.02744203992187977,
  "528img150.png": -0.0203704833984375,
  "536img385.png": -0.014881622977554798,
  "540img57.png": -0.013294417411088943,
  "551img391.png": -0.03681550547480583,
  "555img94.png": -0.020800787955522537,
  "556img346.png": -0.026331771165132523,
  "566img80.png": -0.018782272934913635,
  "567img80.png": -0.025219056755304337,
  "583img395.png": -0.05361172929406166,
  "584img47.png": -0.04777313396334648,
  "586img47.png": -0.03812840208411217,
  "599img154.png": -0.010985122062265873,
  "59img124.png": -0.018435925245285034,
  "614img183.png": -0.03580627217888832,
  "621img236.png": -0.0392908975481987,
  "632img182.png": -0.014628340490162373,
  "633img182.png": -0.01721074804663658,
  "650img155.png": -0.019059181213378906,
  "654img380.png": -0.015221955254673958,
  "655img380.png": -0.015788767486810684,
  "661img46.png": -0.024265123531222343,
  "666img394.png": -0.014679220505058765,
  "669img91.png": -0.017950335517525673,
  "670img91.png": -0.025037994608283043,
  "682img93.png": -0.03974347934126854,
  "686img87.png": -0.010745314881205559,
  "696img50.png": -0.014903274364769459,
  "711img44.png": -0.023525800555944443,
  "722img157.png": -0.01748908869922161,
  "748img208.png": -0.02024831250309944,
  "749img208.png": -0.013671855442225933,
  "755img220.png": -0.03046296164393425,
  "780img79.png": -0.015023740008473396,
  "804img354.png": -0.007165617775171995,
  "809img86.png": -0.013487135991454124,
  "848img173.png": -0.013751361519098282,
  "863img239.png": -0.020124822854995728,
  "869img205.png": -0.022069567814469337,
  "881img238.png": -0.02002691477537155,
  "882img238.png": -0.02627217024564743,
  "885img4.png": -0.01552865095436573,
  "887img4.png": -0.027761738747358322,
  "893img172.png": -0.012280227616429329,
  "897img166.png": -0.018627671524882317,
  "8img119.png": -0.027647923678159714,
  "904img75.png": -0.035262331366539,
  "908img49.png": -0.04597487300634384,
  "916img402.png": -0.017391027882695198,
  "922img364.png": -0.006646143272519112,
  "928img88.png": -0.01564973220229149,
  "933img372.png": -0.009252799674868584,
  "937img366.png": -0.018301011994481087,
  "968img6.png": -0.014807694591581821,
  "972img206.png": -0.034306690096855164,
  "983img213.png": -0.030874796211719513,
  "99img244.png": -0.028295986354351044
}