{
  "image_103390.png": -0.009741339832544327,
  "image_120847.png": -0.011923978105187416,
  "image_122855.png": -0.006879345513880253,
  "image_133579.png": -0.009698704816401005,
  "image_141261.png": -0.012963281944394112,
  "image_14823.png": -0.01080586388707161,
  "image_151238.png": -0.00802704505622387,
  "image_158322.png": -0.011874128133058548,
  "image_167262.png": -0.0057793352752923965,
  "image_169753.png": -0.012527995742857456,
  "image_177029.png": -0.008309287950396538,
  "image_182918.png": -0.006273163482546806,
  "image_183105.png": -0.012577234767377377,
  "image_196627.png": -0.006084181368350983,
  "image_200357.png": -0.005360059440135956,
  "image_208978.png": -0.005675008986145258,
  "image_219977.png": -0.011039726436138153,
  "image_234855.png": -0.012077884748578072,
  "image_237250.png": -0.010404898785054684,
  "image_242152.png": -0.009852157905697823,
  "image_245873.png": -0.01034801360219717,
  "image_257406.png": -0.011017953045666218,
  "image_258692.png": -0.00759848253801465,
  "image_26083.png": -0.005654103122651577,
  "image_269786.png": -0.008055537939071655,
  "image_292869.png": -0.011537960730493069,
  "image_296131.png": -0.014473643153905869,
  "image_333862.png": -0.007619152776896954,
  "image_338095.png": -0.008345440030097961,
  "image_340658.png": -0.009925620630383492,
  "image_340994.png": -0.007938215509057045,
  "image_34978.png": -0.01143698301166296,
  "image_355886.png": -0.0136402677744627,
  "image_36339.png": -0.004912718664854765,
  "image_385917.png": -0.01134189497679472,
  "image_385929.png": -0.007113885134458542,
  "image_396278.png": -0.014631965197622776,
  "image_396844.png": -0.007134275510907173,
  "image_399058.png": -0.00640315655618906,
  "image_40387.png": -0.012239922769367695,
  "image_40748.png": -0.013877659104764462,
  "image_411948.png": -0.003360301721841097,
  "image_419236.png": -0.011151296086609364,
  "image_427423.png": -0.007091608364135027,
  "image_438654.png": -0.006201519630849361,
  "image_440027.png": -0.010350866243243217,
  "image_450323.png": -0.00888972170650959,
  "image_450531.png": -0.007313446141779423,
  "image_451559.png": -0.00930444709956646,
  "image_456541.png": -0.011855492368340492,
  "image_457183.png": -0.009280485101044178,
  "image_463790.png": -0.00842548068612814,
  "image_491169.png": -0.008857108652591705,
  "image_50345.png": -0.007395450957119465,
  "image_506682.png": -0.009211450815200806,
  "image_511481.png": -0.010322499088943005,
  "image_529169.png": -0.00654489453881979,
  "image_536132.png": -0.008344114758074284,
  "image_539255.png": -0.015287689864635468,
  "image_55355.png": -0.0066185276955366135,
  "image_561026.png": -0.01449539139866829,
  "image_564567.png": -0.014340827241539955,
  "image_568627.png": -0.008764977566897869,
  "image_578052.png": -0.010175826027989388,
  "image_585929.png": -0.01713455654680729,
  "image_586164.png": -0.010046226903796196,
  "image_603131.png": -0.011640540324151516,
  "image_604844.png": -0.005230570677667856,
  "image_60892.png": -0.007783717010170221,
  "image_610994.png": -0.011746623553335667,
  "image_61129.png": -0.012419282458722591,
  "image_611870.png": -0.01635715365409851,
  "image_62685.png": -0.005148852709680796,
  "image_629606.png": -0.009737588465213776,
  "image_629912.png": -0.006915655918419361,
  "image_636235.png": -0.006561284884810448,
  "image_636771.png": -0.0065079908818006516,
  "image_639414.png": -0.009580699726939201,
  "image_65072.png": -0.009335406124591827,
  "image_65098.png": -0.016825510188937187,
  "image_686451.png": -0.01150970533490181,
  "image_687893.png": -0.015771247446537018,
  "image_689722.png": -0.00451173260807991,
  "image_700600.png": -0.010149121284484863,
  "image_709988.png": -0.0100677739828825,
  "image_714564.png": -0.013035232201218605,
  "image_7221.png": -0.008752362802624702,
  "image_727986.png": -0.006596083752810955,
  "image_739599.png": -0.0147837083786726,
  "image_741893.png": -0.007798353675752878,
  "image_756250.png": -0.016315270215272903,
  "image_77365.png": -0.011546608060598373,
  "image_774541.png": -0.010415232740342617,
  "image_78023.png": -0.007358815986663103,
  "image_783589.png": -0.008876992389559746,
  "image_787335.png": -0.005979093722999096,
  "image_829647.png": -0.012570523656904697,
  "image_829690.png": -0.013457385823130608,
  "image_852.png": -0.01457500085234642,
  "image_96556.png": -0.007634241599589586
}