{
  "000000000309.jpg.png": -0.053483542054891586,
  "000000001942.jpg.png": -0.04200113192200661,
  "000000002495.jpg.png": -0.04775906354188919,
  "000000003947.jpg.png": -0.04956826567649841,
  "000000004741.jpg.png": -0.03633230924606323,
  "000000004796.jpg.png": -0.044866546988487244,
  "000000011364.jpg.png": -0.07253710925579071,
  "000000012731.jpg.png": -0.05748824402689934,
  "000000014591.jpg.png": -0.029670771211385727,
  "000000016796.jpg.png": -0.0460522435605526,
  "000000022382.jpg.png": -0.04994708672165871,
  "000000025360.jpg.png": -0.04786686971783638,
  "000000026443.jpg.png": -0.055090852081775665,
  "000000029176.jpg.png": -0.042893052101135254,
  "000000042853.jpg.png": -0.037450216710567474,
  "000000045053.jpg.png": -0.02770119160413742,
  "000000045084.jpg.png": -0.051542121917009354,
  "000000045325.jpg.png": -0.03922228887677193,
  "000000048365.jpg.png": -0.041163742542266846,
  "000000048417.jpg.png": -0.0307993832975626,
  "000000048601.jpg.png": -0.016030101105570793,
  "000000049133.jpg.png": -0.04137315973639488,
  "000000051191.jpg.png": -0.0347832515835762,
  "000000051620.jpg.png": -0.046404603868722916,
  "000000054214.jpg.png": -0.030009325593709946,
  "000000056365.jpg.png": -0.0501265823841095,
  "000000059526.jpg.png": -0.04364077001810074,
  "000000060172.jpg.png": -0.02446281723678112,
  "000000064314.jpg.png": -0.043912071734666824,
  "000000067966.jpg.png": -0.04238000884652138,
  "000000068857.jpg.png": -0.039339639246463776,
  "000000069383.jpg.png": -0.03875254839658737,
  "000000073697.jpg.png": -0.039148323237895966,
  "000000075999.jpg.png": -0.03274109587073326,
  "000000076937.jpg.png": -0.04201345145702362,
  "000000083014.jpg.png": -0.04089727997779846,
  "000000088021.jpg.png": -0.04769742861390114,
  "000000097667.jpg.png": -0.03458823263645172,
  "000000105339.jpg.png": -0.03562118485569954,
  "000000112719.jpg.png": -0.025550298392772675,
  "000000113836.jpg.png": -0.033726029098033905,
  "000000114624.jpg.png": -0.05997132509946823,
  "000000118546.jpg.png": -0.041443273425102234,
  "000000122194.jpg.png": -0.07177311927080154,
  "000000122631.jpg.png": -0.024527709931135178,
  "000000128903.jpg.png": -0.03287721052765846,
  "000000129758.jpg.png": -0.06083190441131592,
  "000000129980.jpg.png": -0.044598180800676346,
  "000000135167.jpg.png": -0.03417683392763138,
  "000000138641.jpg.png": -0.03996375575661659,
  "000000143783.jpg.png": -0.03212641552090645,
  "000000146162.jpg.png": -0.030284425243735313,
  "000000153631.jpg.png": -0.04931298643350601,
  "000000156985.jpg.png": -0.03427901864051819,
  "000000160402.jpg.png": -0.058705322444438934,
  "000000160589.jpg.png": -0.03707834705710411,
  "000000161654.jpg.png": -0.041520245373249054,
  "000000163645.jpg.png": -0.049134910106658936,
  "000000163679.jpg.png": -0.05299513787031174,
  "000000166932.jpg.png": -0.04014159366488457,
  "000000168260.jpg.png": -0.04982247203588486,
  "000000169181.jpg.png": -0.040212735533714294,
  "000000170765.jpg.png": -0.047817107290029526,
  "000000173640.jpg.png": -0.02799788862466812,
  "000000174503.jpg.png": -0.04726037010550499,
  "000000175609.jpg.png": -0.04376811534166336,
  "000000180079.jpg.png": -0.029620975255966187,
  "000000183835.jpg.png": -0.04538031294941902,
  "000000190915.jpg.png": -0.049378570169210434,
  "000000190929.jpg.png": -0.05766083672642708,
  "000000193398.jpg.png": -0.03859667852520943,
  "000000195716.jpg.png": -0.03751483932137489,
  "000000197263.jpg.png": -0.05709695816040039,
  "000000202388.jpg.png": -0.05634007975459099,
  "000000204289.jpg.png": -0.042709287256002426,
  "000000210363.jpg.png": -0.03929216042160988,
  "000000211041.jpg.png": -0.029079794883728027,
  "000000211445.jpg.png": -0.02495785802602768,
  "000000217034.jpg.png": -0.04622195288538933,
  "000000220511.jpg.png": -0.06422886252403259,
  "000000221169.jpg.png": -0.046385347843170166,
  "000000221814.jpg.png": -0.04176845774054527,
  "000000227691.jpg.png": -0.03881440311670303,
  "000000230272.jpg.png": -0.040790215134620667,
  "000000233627.jpg.png": -0.04901859164237976,
  "000000237496.jpg.png": -0.06032940372824669,
  "000000240965.jpg.png": -0.039134714752435684,
  "000000247603.jpg.png": -0.03656177222728729,
  "000000249835.jpg.png": -0.04930824786424637,
  "000000250579.jpg.png": -0.035252347588539124,
  "000000264179.jpg.png": -0.0377219095826149,
  "000000274418.jpg.png": -0.027589254081249237,
  "000000278395.jpg.png": -0.03645318001508713,
  "000000288884.jpg.png": -0.02462831698358059,
  "000000289740.jpg.png": -0.038615111261606216,
  "000000290946.jpg.png": -0.053296416997909546,
  "000000293452.jpg.png": -0.05941552668809891,
  "000000296112.jpg.png": -0.059893473982810974,
  "000000297191.jpg.png": -0.04545854032039642,
  "000000297620.jpg.png": -0.03637097030878067
}