{
  "img1000.png": -0.022993644699454308,
  "img108.png": -0.022595036774873734,
  "img109.png": -0.029586289077997208,
  "img118.png": -0.044789157807826996,
  "img119.png": -0.047342922538518906,
  "img120.png": -0.04749651998281479,
  "img121.png": -0.05678129196166992,
  "img122.png": -0.05272335559129715,
  "img123.png": -0.02837461605668068,
  "img124.png": -0.029993176460266113,
  "img125.png": -0.03215792775154114,
  "img126.png": -0.047991473227739334,
  "img127.png": -0.05617491155862808,
  "img130.png": -0.017969217151403427,
  "img131.png": -0.046113599091768265,
  "img132.png": -0.05199337750673294,
  "img133.png": -0.022397667169570923,
  "img134.png": -0.02743275836110115,
  "img135.png": -0.029091322794556618,
  "img136.png": -0.04632911831140518,
  "img137.png": -0.050375040620565414,
  "img144.png": -0.04754043370485306,
  "img145.png": -0.04748096317052841,
  "img146.png": -0.022026395425200462,
  "img147.png": -0.030026525259017944,
  "img150.png": -0.03554738312959671,
  "img151.png": -0.02986791357398033,
  "img152.png": -0.02410983294248581,
  "img153.png": -0.02156500518321991,
  "img178.png": -0.045357685536146164,
  "img179.png": -0.02436959184706211,
  "img18.png": -0.03497868776321411,
  "img184.png": -0.05243566259741783,
  "img185.png": -0.02163870632648468,
  "img186.png": -0.02543719857931137,
  "img187.png": -0.027066374197602272,
  "img19.png": -0.033686913549900055,
  "img190.png": -0.022502508014440536,
  "img191.png": -0.015772968530654907,
  "img192.png": -0.02546599879860878,
  "img193.png": -0.019096089527010918,
  "img20.png": -0.021377667784690857,
  "img21.png": -0.011391310021281242,
  "img218.png": -0.04099529981613159,
  "img219.png": -0.05176626890897751,
  "img22.png": -0.011639999225735664,
  "img224.png": -0.0356585830450058,
  "img225.png": -0.02990140952169895,
  "img226.png": -0.026976756751537323,
  "img227.png": -0.04261533170938492,
  "img23.png": -0.028384583070874214,
  "img230.png": -0.04704656824469566,
  "img231.png": -0.029316717758774757,
  "img232.png": -0.02806314453482628,
  "img233.png": -0.02870585210621357,
  "img24.png": -0.03165659308433533,
  "img240.png": -0.0504305325448513,
  "img241.png": -0.045814163982868195,
  "img242.png": -0.020076405256986618,
  "img243.png": -0.02491626888513565,
  "img244.png": -0.03741542622447014,
  "img245.png": -0.04624565690755844,
  "img246.png": -0.016144827008247375,
  "img247.png": -0.008756877854466438,
  "img25.png": -0.0204810481518507,
  "img250.png": -0.03550146147608757,
  "img251.png": -0.0355912521481514,
  "img252.png": -0.02278120070695877,
  "img253.png": -0.028049329295754433,
  "img254.png": -0.030209556221961975,
  "img255.png": -0.019372425973415375,
  "img256.png": -0.023950939998030663,
  "img257.png": -0.03367956727743149,
  "img26.png": -0.01918856054544449,
  "img268.png": -0.010389117524027824,
  "img269.png": -0.010693766176700592,
  "img27.png": -0.0210702084004879,
  "img278.png": -0.04412194341421127,
  "img279.png": -0.03799545764923096,
  "img280.png": -0.031566470861434937,
  "img281.png": -0.01939946785569191,
  "img282.png": -0.02724454551935196,
  "img283.png": -0.017176751047372818,
  "img284.png": -0.025291448459029198,
  "img285.png": -0.022316118702292442,
  "img286.png": -0.02186276763677597,
  "img287.png": -0.03584422543644905,
  "img290.png": -0.038911350071430206,
  "img291.png": -0.03911346197128296,
  "img292.png": -0.026879675686359406,
  "img293.png": -0.04319419711828232,
  "img294.png": -0.02630569227039814,
  "img295.png": -0.035893164575099945,
  "img296.png": -0.033564243465662,
  "img297.png": -0.03952315077185631,
  "img30.png": -0.01711680181324482,
  "img308.png": -0.024722781032323837,
  "img309.png": -0.04680551961064339,
  "img31.png": -0.020716704428195953,
  "img318.png": -0.040234893560409546
}