{
  "_006f728a-348a-4387-9641-8bd185c8fead.jpg.png": -0.02601514756679535,
  "_00b85af1-16a5-4df4-9166-842b69520bc2.jpg.png": -0.03480462729930878,
  "_01a320a2-e11f-4b9d-9210-4429f27b0cb4.jpg.png": -0.029151588678359985,
  "_01f57a17-29d2-4514-8260-32a79c06deab.jpg.png": -0.03646619990468025,
  "_03c2be56-c3e4-4183-8215-48612734550f.jpg.png": -0.041620656847953796,
  "_03f4f249-6ea6-49cb-be99-9abb98e4eca8.jpg.png": -0.04923311993479729,
  "_041a3164-236b-4c96-9aa6-aace6ad7bb4d.jpg.png": -0.05079802870750427,
  "_05385a9f-2ce2-4237-a044-b113838bb9a6.jpg.png": -0.036974966526031494,
  "_0824f27f-eef2-44d6-b53c-212ea20cd5b0.jpg.png": -0.04059486836194992,
  "_0a930fa5-63d4-48df-b947-c121e54ec8ac.jpg.png": -0.04744167998433113,
  "_0ab71c2e-2801-4465-89ff-5ba358aeffa6.jpg.png": -0.016423692926764488,
  "_0ac318fb-d87e-4cf2-8e1c-7ae60e825b0e.jpg.png": -0.029489148408174515,
  "_0ba91194-7c0a-4c67-869f-cccbf81f6d82.jpg.png": -0.038568586111068726,
  "_0d5dacc9-8b8f-4f88-842a-ec560c56eccb.jpg.png": -0.04127974063158035,
  "_0f0888fc-bc82-47d4-a878-2deef39b0ddb.jpg.png": -0.02815937250852585,
  "_115c06d0-c462-41e7-afbf-083dd5f0bcd0.jpg.png": -0.02722540870308876,
  "_120de802-0541-42ab-ae06-f94f989de53a.jpg.png": -0.034031596034765244,
  "_12fda298-22a7-4bc4-8a1d-bed67465c2aa.jpg.png": -0.036543700844049454,
  "_12fdbac3-64cc-44d0-9d43-39186189deb3.jpg.png": -0.02813887409865856,
  "_13603f14-e850-475a-bdb2-fbf5a1395926.jpg.png": -0.03187064081430435,
  "_13c4518e-31cb-45f9-bf87-37285b73cdd9.jpg.png": -0.026157308369874954,
  "_13ca667c-01c7-49cc-9018-1f2c51ffbab9.jpg.png": -0.03956861048936844,
  "_13e34dc3-db0d-44c5-a618-b5e633d1453f.jpg.png": -0.033078037202358246,
  "_1523fdd4-01c2-4ac8-ba36-bbb39ee47316.jpg.png": -0.03790995478630066,
  "_1622c0fd-5e00-4baa-a1cd-76fa5924cd6f.jpg.png": -0.03494591265916824,
  "_163c93ca-49b2-4de1-96cb-b056f0aee2ce.jpg.png": -0.03492864966392517,
  "_167a5204-71e8-4f9d-9fd7-237db7a65f7f.jpg.png": -0.03431406617164612,
  "_16e07906-0b7e-494c-8fd8-d9ce39b6a11e.jpg.png": -0.0316070020198822,
  "_1814f2c0-d6f1-47aa-96eb-a82bbdf0e633.jpg.png": -0.035657405853271484,
  "_18a81dff-76db-443a-b712-7619d1ea5797.jpg.png": -0.02597879059612751,
  "_18d2717b-4b2b-4d09-941b-34564c8ce6fe.jpg.png": -0.035428036004304886,
  "_18de1db0-20d6-47b0-ab63-cdf1f660b571.jpg.png": -0.03395957499742508,
  "_18efccfd-f172-49c6-a259-0c618403de0e.jpg.png": -0.030780300498008728,
  "_19b08137-0e36-459f-8e75-c2e1ee44858f.jpg.png": -0.030043987557291985,
  "_19e3c53d-130a-4138-861f-6586ee4cdf56.jpg.png": -0.03924424573779106,
  "_1a272003-8af5-4ccf-ac49-a75286910dd1.jpg.png": -0.029445309191942215,
  "_1a5b458b-81f5-457c-8571-724f3c0ef583.jpg.png": -0.04339929670095444,
  "_1a8f7740-fb18-4c4a-9ac9-0c9de81c96e2.jpg.png": -0.03007189929485321,
  "_1add36a8-729a-4a9f-8116-e13e9891e04a.jpg.png": -0.03977933153510094,
  "_1b870e44-99b8-4daf-8809-26eb9d36b431.jpg.png": -0.030349399894475937,
  "_1bbd42be-db63-41d5-ae6b-6561bfe1ba07.jpg.png": -0.030832424759864807,
  "_1d94f152-2d12-40d0-91ee-c300a21c4518.jpg.png": -0.025235923007130623,
  "_1da8bc51-bd61-4c40-a116-af12af7ff883.jpg.png": -0.03806646913290024,
  "_1e26d79d-44a0-4bcf-a064-efa3234e37a1.jpg.png": -0.03511188551783562,
  "_1ed16e78-65e9-4280-b692-6d6dd90fdb0e.jpg.png": -0.029441818594932556,
  "_2034c32e-a3c9-4deb-a91e-0a0b09cf78d4.jpg.png": -0.047550223767757416,
  "_207da884-09c1-4fab-83cd-52eb2d5cff3a.jpg.png": -0.025993581861257553,
  "_21006f84-adc7-4a86-8d15-1fc09f681ede.jpg.png": -0.04064091295003891,
  "_21b87b84-cf12-4008-baa4-81d34bb9450d.jpg.png": -0.0330478735268116,
  "_2226477c-b142-494e-a1d7-32b49d99223f.jpg.png": -0.030396288260817528,
  "_22293329-006f-432c-b19b-189fdf7e067a.jpg.png": -0.0277644544839859,
  "_23b5c24a-218b-471b-9287-73715625c7ae.jpg.png": -0.02632591500878334,
  "_243b26c0-e1cc-423b-942f-7720a5ccafe8.jpg.png": -0.03831689804792404,
  "_252fd45d-aacf-499d-8668-9452f85ab75e.jpg.png": -0.03124740719795227,
  "_2666652e-53ef-48ed-9b66-1b6fc0cff441.jpg.png": -0.02923889458179474,
  "_26b2411a-2af2-4076-b256-375152b3ae7a.jpg.png": -0.02963872253894806,
  "_270bd3f3-49fd-44e0-b2d2-c90294a6b931.jpg.png": -0.042517345398664474,
  "_279e898a-0adb-4dc3-b5fc-62f918664cd7.jpg.png": -0.04177841171622276,
  "_280bc25c-0338-4c3c-95cb-e101bbe60ddf.jpg.png": -0.024330900982022285,
  "_28651ae7-47df-49c3-b23d-23d3a6824845.jpg.png": -0.035977039486169815,
  "_297da629-3d2c-4ab3-8046-82565d93d998.jpg.png": -0.049943309277296066,
  "_2acdd1eb-47be-424f-aad9-c5e85a566700.jpg.png": -0.029009267687797546,
  "_2ad77cd7-257e-4022-ad64-5e3f7a8d9ed8.jpg.png": -0.028434433043003082,
  "_2b7b1a9c-3755-401b-b325-af650204be75.jpg.png": -0.049089327454566956,
  "_2d2786ee-b876-4cde-abb0-a840efa10da7.jpg.png": -0.020373070612549782,
  "_326d65ac-77d9-4362-9682-b62c714eea8c.jpg.png": -0.02789982408285141,
  "_328ba027-c06d-454f-8bca-ff898381b09f.jpg.png": -0.039136853069067,
  "_32983147-c035-4dfe-8328-3ce615754269.jpg.png": -0.023902105167508125,
  "_33cc979d-f692-47b6-8cd4-c12f0487666f.jpg.png": -0.04167759418487549,
  "_33fb0aaa-4cf3-4121-889b-eeea8e7d80b5.jpg.png": -0.02134062349796295,
  "_34be1486-39cc-4ca8-a775-3960a67d5b0a.jpg.png": -0.03479761257767677,
  "_35f789d6-d752-416e-b395-3243d1574d96.jpg.png": -0.023008033633232117,
  "_3619e79f-deb6-4e9f-a971-7c7abbf222c2.jpg.png": -0.04135281965136528,
  "_377191dc-96a8-4728-b391-7cce41f1e820.jpg.png": -0.04463963583111763,
  "_378887e0-385e-40f2-9184-0420be891aea.jpg.png": -0.04257350414991379,
  "_388f4c91-9076-43a4-83df-3d9928016554.jpg.png": -0.03262844309210777,
  "_38a0e47a-2a12-4f1f-867e-0253f641bfda.jpg.png": -0.026561498641967773,
  "_38cc6943-0683-4dc4-8daa-63531510e0ac.jpg.png": -0.031132280826568604,
  "_38dc1bad-2b98-48c0-aad1-f8e31b2351a5.jpg.png": -0.04112241417169571,
  "_39add644-9a38-4c97-b07f-f04ab6a555c1.jpg.png": -0.014351059682667255,
  "_3ee172cb-59b3-4523-8de0-ea9bf4899f50.jpg.png": -0.028333358466625214,
  "_3f5cfe68-a1b6-4212-ac47-5f3b9f8dcee3.jpg.png": -0.03038964234292507,
  "_3fcea7ac-b983-430a-a1b4-93f45ece099a.jpg.png": -0.038220424205064774,
  "_3fefd175-ff6e-437c-bb28-b7d11e2127ff.jpg.png": -0.046125683933496475,
  "_41336db2-e3f5-4dab-88fd-ccc1569c6a92.jpg.png": -0.033306483179330826,
  "_4154461e-1299-4cc1-a1ad-6d70681f2794.jpg.png": -0.026515573263168335,
  "_41a7c693-a056-4f81-930b-35e5470e46ca.jpg.png": -0.04259849339723587,
  "_423660e2-1e75-4ed8-b110-c216b3b86dbc.jpg.png": -0.03406009450554848,
  "_44437d12-0e3b-45aa-993f-e2c3607b4a90.jpg.png": -0.04230079427361488,
  "_45418e70-744b-4f94-9920-408536efc303.jpg.png": -0.027515532448887825,
  "_4559b2ed-66e1-4be8-87c3-677f5fd30037.jpg.png": -0.02280975878238678,
  "_45d69b75-db93-45a4-80c9-ed7d49300af7.jpg.png": -0.039683468639850616,
  "_45e9c5eb-d49f-4bc5-bdbf-bf1686198f74.jpg.png": -0.04402210935950279,
  "_462fc9c7-d8a4-4555-8ff3-7c2a3fbc7f01.jpg.png": -0.038951657712459564,
  "_4825ff87-938d-47a7-b01b-0da49a8eb5dc.jpg.png": -0.04954180866479874,
  "_4a0d3e50-50b0-4e43-96ce-507ed9199e5b.jpg.png": -0.025551054626703262,
  "_4af05dad-87d5-4c95-b507-23005ca82f74.jpg.png": -0.03920656815171242,
  "_4b50e2f0-7930-45e8-9391-453f5b6c571b.jpg.png": -0.042266055941581726,
  "_4c276fb7-a997-45c1-a760-5e803256e81d.jpg.png": -0.03299146518111229,
  "_4ccfcf61-4d1b-4ab3-a2cf-999be80b8eaa.jpg.png": -0.03181488811969757
}