{
  "0img36.png": -0.021779049187898636,
  "100img250.png": -0.02665914222598076,
  "106img287.png": -0.0385650172829628,
  "107img287.png": -0.030763354152441025,
  "112img292.png": -0.017440129071474075,
  "113img292.png": -0.027007443830370903,
  "114img292.png": -0.028716769069433212,
  "119img286.png": -0.014228465035557747,
  "11img119.png": -0.03791113942861557,
  "121img251.png": -0.023618996143341064,
  "126img245.png": -0.03631369397044182,
  "127img245.png": -0.030660921707749367,
  "132img127.png": -0.011045213788747787,
  "133img127.png": -0.01079347264021635,
  "135img127.png": -0.012862336821854115,
  "138img133.png": -0.013288695365190506,
  "142img34.png": -0.025223610922694206,
  "143img34.png": -0.023406025022268295,
  "144img20.png": -0.018578875809907913,
  "145img20.png": -0.01965385302901268,
  "148img319.png": -0.013083592057228088,
  "149img319.png": -0.01918802224099636,
  "150img319.png": -0.015359682030975819,
  "151img319.png": -0.030191725119948387,
  "158img24.png": -0.027824915945529938,
  "159img24.png": -0.01981526054441929,
  "160img30.png": -0.016991782933473587,
  "161img30.png": -0.018985360860824585,
  "166img18.png": -0.029618240892887115,
  "167img18.png": -0.02084355242550373,
  "168img137.png": -0.011975757777690887,
  "16img131.png": -0.01279133278876543,
  "171img137.png": -0.01968335174024105,
  "176img241.png": -0.01977318897843361,
  "177img241.png": -0.019497770816087723,
  "17img131.png": -0.022803382948040962,
  "180img255.png": -0.028302397578954697,
  "186img269.png": -0.030854985117912292,
  "187img269.png": -0.0331847257912159,
  "192img296.png": -0.01680556684732437,
  "193img296.png": -0.01547325775027275,
  "194img296.png": -0.034144334495067596,
  "199img297.png": -0.040896136313676834,
  "1img36.png": -0.024147221818566322,
  "201img283.png": -0.0202669408172369,
  "206img268.png": -0.037044890224933624,
  "207img268.png": -0.05058246850967407,
  "212img240.png": -0.017855267971754074,
  "213img240.png": -0.015579833649098873,
  "214img240.png": -0.024983149021863937,
  "215img240.png": -0.02911354787647724,
  "218img122.png": -0.024922655895352364,
  "220img136.png": -0.01660825125873089,
  "226img19.png": -0.024859076365828514,
  "227img19.png": -0.029925405979156494,
  "22img253.png": -0.01645488664507866,
  "230img31.png": -0.009388009086251259,
  "231img31.png": -0.011114008724689484,
  "239img308.png": -0.0384126678109169,
  "23img253.png": -0.02202245593070984,
  "240img33.png": -0.024413911625742912,
  "241img33.png": -0.0196152962744236,
  "246img27.png": -0.015288442373275757,
  "247img27.png": -0.013626613654196262,
  "248img120.png": -0.01679512858390808,
  "249img120.png": -0.018084121868014336,
  "24img247.png": -0.01479866448789835,
  "250img120.png": -0.027727648615837097,
  "251img120.png": -0.024471700191497803,
  "257img108.png": -0.022679980844259262,
  "262img256.png": -0.025041449815034866,
  "264img242.png": -0.021112434566020966,
  "265img242.png": -0.023729857057332993,
  "268img295.png": -0.019133834168314934,
  "269img295.png": -0.016625769436359406,
  "270img295.png": -0.026717323809862137,
  "271img295.png": -0.034494850784540176,
  "276img280.png": -0.018963558599352837,
  "280img294.png": -0.015630103647708893,
  "281img294.png": -0.02496369183063507,
  "287img243.png": -0.02397390641272068,
  "293img109.png": -0.0130890142172575,
  "294img109.png": -0.01830374076962471,
  "295img109.png": -0.016563091427087784,
  "298img135.png": -0.026612963527441025,
  "299img135.png": -0.020201586186885834,
  "29img290.png": -0.013660183176398277,
  "302img121.png": -0.014241006225347519,
  "303img121.png": -0.013620169833302498,
  "306img26.png": -0.037083663046360016,
  "307img26.png": -0.03289526700973511,
  "30img290.png": -0.02138146385550499,
  "310img32.png": -0.022267520427703857,
  "311img32.png": -0.02220064029097557,
  "316img344.png": -0.046849388629198074,
  "322img96.png": -0.024724608287215233,
  "323img96.png": -0.026081722229719162,
  "328img350.png": -0.013303248211741447,
  "329img350.png": -0.012780911289155483,
  "330img350.png": -0.017075033858418465
}