{
  "total_images": 100,
  "predictions_count": {
    "stable_diffusion_1-5": 87,
    "sdxl": 2,
    "coco": 6,
    "dall-e3": 1,
    "dall-e2": 1,
    "midjourneyV6": 1,
    "firefly": 2
  },
  "predictions_percentage": {
    "stable_diffusion_1-5": 87.0,
    "sdxl": 2.0,
    "coco": 6.0,
    "dall-e3": 1.0,
    "dall-e2": 1.0,
    "midjourneyV6": 1.0,
    "firefly": 2.0
  },
  "average_confidence": {
    "stable_diffusion_1-5": 0.45064444826469474,
    "sdxl": 0.32397921879335845,
    "coco": 0.39468359437827977,
    "dall-e3": 0.333704147667724,
    "dall-e2": 0.23881908252519868,
    "midjourneyV6": 0.4195306745594581,
    "firefly": 0.2804402296740964
  },
  "confidence_std": {
    "stable_diffusion_1-5": 0.12850169493206354,
    "sdxl": 0.027221356119278423,
    "coco": 0.05738814277748209,
    "dall-e3": 0.0,
    "dall-e2": 0.0,
    "midjourneyV6": 0.0,
    "firefly": 0.08006260931672167
  }
}