{
  "dalle2": {
    "coco": {
      "P_real_mean": 0.9817176806926727,
      "P_generator_mean": 0.018282320396359637,
      "accuracy": 0.99,
      "num_images": 100
    },
    "dalle2": {
      "P_real_mean": 0.016966435099893717,
      "P_generator_mean": 0.9830335703492165,
      "accuracy": 0.98,
      "num_images": 100
    },
    "dalle3": {
      "P_real_mean": 0.959370681643486,
      "P_generator_mean": 0.040629315045089244,
      "accuracy": 0.02,
      "num_images": 100
    },
    "firefly": {
      "P_real_mean": 0.7299477199465036,
      "P_generator_mean": 0.27005228349706156,
      "accuracy": 0.22,
      "num_images": 100
    },
    "midjourneyV5": {
      "P_real_mean": 0.9266472797095776,
      "P_generator_mean": 0.07335272221755076,
      "accuracy": 0.03,
      "num_images": 100
    },
    "midjourneyV6": {
      "P_real_mean": 0.9335032062232494,
      "P_generator_mean": 0.06649679145253685,
      "accuracy": 0.02,
      "num_images": 100
    },
    "sdxl": {
      "P_real_mean": 0.794025344774127,
      "P_generator_mean": 0.2059746512244601,
      "accuracy": 0.16,
      "num_images": 100
    },
    "stable_diffusion_1_5": {
      "P_real_mean": 0.8871324306726456,
      "P_generator_mean": 0.11286757503032277,
      "accuracy": 0.07,
      "num_images": 100
    }
  },
  "dalle3": {
    "coco": {
      "P_real_mean": 0.9974847829341889,
      "P_generator_mean": 0.002515219629807759,
      "accuracy": 1.0,
      "num_images": 100
    },
    "dalle2": {
      "P_real_mean": 0.9477655830979347,
      "P_generator_mean": 0.052234412444389804,
      "accuracy": 0.02,
      "num_images": 100
    },
    "dalle3": {
      "P_real_mean": 0.005485300153134345,
      "P_generator_mean": 0.9945146977901459,
      "accuracy": 1.0,
      "num_images": 100
    },
    "firefly": {
      "P_real_mean": 0.9477635005116463,
      "P_generator_mean": 0.05223650015847928,
      "accuracy": 0.03,
      "num_images": 100
    },
    "midjourneyV5": {
      "P_real_mean": 0.7398988262168131,
      "P_generator_mean": 0.26010117186492804,
      "accuracy": 0.25,
      "num_images": 100
    },
    "midjourneyV6": {
      "P_real_mean": 0.7877863025385886,
      "P_generator_mean": 0.21221370471415577,
      "accuracy": 0.22,
      "num_images": 100
    },
    "sdxl": {
      "P_real_mean": 0.8886912316456437,
      "P_generator_mean": 0.11130876833319128,
      "accuracy": 0.08,
      "num_images": 100
    },
    "stable_diffusion_1_5": {
      "P_real_mean": 0.9374221050739289,
      "P_generator_mean": 0.06257790084590477,
      "accuracy": 0.02,
      "num_images": 100
    }
  },
  "firefly": {
    "coco": {
      "P_real_mean": 0.9854442590475082,
      "P_generator_mean": 0.014555744959958568,
      "accuracy": 1.0,
      "num_images": 100
    },
    "dalle2": {
      "P_real_mean": 0.49390399492797754,
      "P_generator_mean": 0.5060960007083145,
      "accuracy": 0.51,
      "num_images": 100
    },
    "dalle3": {
      "P_real_mean": 0.8545943211019039,
      "P_generator_mean": 0.14540568294315065,
      "accuracy": 0.11,
      "num_images": 100
    },
    "firefly": {
      "P_real_mean": 0.00596789689382699,
      "P_generator_mean": 0.9940320986509323,
      "accuracy": 1.0,
      "num_images": 100
    },
    "midjourneyV5": {
      "P_real_mean": 0.8127357637137175,
      "P_generator_mean": 0.18726423682360405,
      "accuracy": 0.17,
      "num_images": 100
    },
    "midjourneyV6": {
      "P_real_mean": 0.8180166421085596,
      "P_generator_mean": 0.18198336199098236,
      "accuracy": 0.15,
      "num_images": 100
    },
    "sdxl": {
      "P_real_mean": 0.3368462716358877,
      "P_generator_mean": 0.6631537213565025,
      "accuracy": 0.71,
      "num_images": 100
    },
    "stable_diffusion_1_5": {
      "P_real_mean": 0.6454602315006196,
      "P_generator_mean": 0.3545397636007284,
      "accuracy": 0.33,
      "num_images": 100
    }
  },
  "midjourneyV5": {
    "coco": {
      "P_real_mean": 0.9867895764112472,
      "P_generator_mean": 0.013210421588967307,
      "accuracy": 1.0,
      "num_images": 100
    },
    "dalle2": {
      "P_real_mean": 0.8789876545220614,
      "P_generator_mean": 0.12101234526885037,
      "accuracy": 0.1,
      "num_images": 100
    },
    "dalle3": {
      "P_real_mean": 0.49466527920449155,
      "P_generator_mean": 0.5053347238359857,
      "accuracy": 0.49,
      "num_images": 100
    },
    "firefly": {
      "P_real_mean": 0.8365526276826859,
      "P_generator_mean": 0.16344737051607808,
      "accuracy": 0.14,
      "num_images": 100
    },
    "midjourneyV5": {
      "P_real_mean": 0.00287890489437693,
      "P_generator_mean": 0.9971210920810699,
      "accuracy": 1.0,
      "num_images": 100
    },
    "midjourneyV6": {
      "P_real_mean": 0.28952514484595215,
      "P_generator_mean": 0.7104748547822237,
      "accuracy": 0.73,
      "num_images": 100
    },
    "sdxl": {
      "P_real_mean": 0.7175915740091341,
      "P_generator_mean": 0.2824084257069262,
      "accuracy": 0.27,
      "num_images": 100
    },
    "stable_diffusion_1_5": {
      "P_real_mean": 0.9380350296199321,
      "P_generator_mean": 0.061964969482833115,
      "accuracy": 0.03,
      "num_images": 100
    }
  },
  "midjourneyV6": {
    "coco": {
      "P_real_mean": 0.9870346342865378,
      "P_generator_mean": 0.012965364105489364,
      "accuracy": 0.99,
      "num_images": 100
    },
    "dalle2": {
      "P_real_mean": 0.9360700029879808,
      "P_generator_mean": 0.06392999315063828,
      "accuracy": 0.05,
      "num_images": 100
    },
    "dalle3": {
      "P_real_mean": 0.3146012616680603,
      "P_generator_mean": 0.6853987453359878,
      "accuracy": 0.7,
      "num_images": 100
    },
    "firefly": {
      "P_real_mean": 0.9631666395626962,
      "P_generator_mean": 0.036833353518196194,
      "accuracy": 0.04,
      "num_images": 100
    },
    "midjourneyV5": {
      "P_real_mean": 0.18213751661106098,
      "P_generator_mean": 0.817862475371876,
      "accuracy": 0.82,
      "num_images": 100
    },
    "midjourneyV6": {
      "P_real_mean": 0.015533613969706095,
      "P_generator_mean": 0.9844663831591606,
      "accuracy": 0.99,
      "num_images": 100
    },
    "sdxl": {
      "P_real_mean": 0.8879406222561375,
      "P_generator_mean": 0.11205937918333549,
      "accuracy": 0.09,
      "num_images": 100
    },
    "stable_diffusion_1_5": {
      "P_real_mean": 0.9578070679120719,
      "P_generator_mean": 0.042192934794936375,
      "accuracy": 0.03,
      "num_images": 100
    }
  },
  "sdxl": {
    "coco": {
      "P_real_mean": 0.9922348231077194,
      "P_generator_mean": 0.007765177891984027,
      "accuracy": 1.0,
      "num_images": 100
    },
    "dalle2": {
      "P_real_mean": 0.7147024143260984,
      "P_generator_mean": 0.28529758876102734,
      "accuracy": 0.3,
      "num_images": 100
    },
    "dalle3": {
      "P_real_mean": 0.838336022272706,
      "P_generator_mean": 0.16166397745624322,
      "accuracy": 0.15,
      "num_images": 100
    },
    "firefly": {
      "P_real_mean": 0.5126648548528465,
      "P_generator_mean": 0.4873351456559158,
      "accuracy": 0.51,
      "num_images": 100
    },
    "midjourneyV5": {
      "P_real_mean": 0.8011835929087829,
      "P_generator_mean": 0.1988164085227436,
      "accuracy": 0.18,
      "num_images": 100
    },
    "midjourneyV6": {
      "P_real_mean": 0.7486083215568214,
      "P_generator_mean": 0.251391684711175,
      "accuracy": 0.23,
      "num_images": 100
    },
    "sdxl": {
      "P_real_mean": 0.008390223327541326,
      "P_generator_mean": 0.9916097772121429,
      "accuracy": 1.0,
      "num_images": 100
    },
    "stable_diffusion_1_5": {
      "P_real_mean": 0.716137919856701,
      "P_generator_mean": 0.28386208111945505,
      "accuracy": 0.27,
      "num_images": 100
    }
  },
  "stable_diffusion_1_5": {
    "coco": {
      "P_real_mean": 0.9368745315074921,