{
  "total_images": 399,
  "predictions_count": {
    "stable_diffusion_1_5": 357,
    "firefly": 31,
    "midjourneyV6": 3,
    "coco": 2,
    "sdxl": 5,
    "dalle3": 1
  },
  "predictions_percentage": {
    "stable_diffusion_1_5": 89.47368421052632,
    "firefly": 7.769423558897243,
    "midjourneyV6": 0.7518796992481203,
    "coco": 0.5012531328320802,
    "sdxl": 1.2531328320802004,
    "dalle3": 0.2506265664160401
  },
  "average_confidence": {
    "stable_diffusion_1_5": 0.515595376180245,
    "firefly": 0.3416511380596343,
    "midjourneyV6": 0.27719987076829306,
    "coco": 0.7887460845365821,
    "sdxl": 0.37938944049609435,
    "dalle3": 0.28859013799354
  },
  "confidence_std": {
    "stable_diffusion_1_5": 0.14816649841535634,
    "firefly": 0.06865440170283879,
    "midjourneyV6": 0.011415465245090779,
    "coco": 0.14024616691827896,
    "sdxl": 0.047161632847051306,
    "dalle3": 0.0
  }
}