{
  "val": {
    "mean_d": -0.02713286385793858,
    "min_d": -0.17577949166297913,
    "max_d": 0.15302538871765137,
    "count": 512,
    "std_d": 0.03393383280618975
  },
  "imagenet256-adm": {
    "mean_d": 0.012614244536962367,
    "min_d": -0.13042350610097247,
    "max_d": 0.24412131309509277,
    "count": 512,
    "std_d": 0.06541093024659345
  },
  "imagenet256-admg": {
    "mean_d": 0.009463738912018006,
    "min_d": -0.15414485335350037,
    "max_d": 0.2260150909423828,
    "count": 512,
    "std_d": 0.0642281803372199
  },
  "imagenet256-biggan": {
    "mean_d": -0.04257980366431484,
    "min_d": -0.18897080421447754,
    "max_d": 0.05353732903798414,
    "count": 512,
    "std_d": 0.034383462019997896
  },
  "imagenet256-dit-xl-2": {
    "mean_d": 0.04765921181145438,
    "min_d": -0.06638133525848389,
    "max_d": 0.2162881692250569,
    "count": 512,
    "std_d": 0.04772157797190243
  },
  "imagenet256-gigagan": {
    "mean_d": -0.02810082582679267,
    "min_d": -0.1260929505030317,
    "max_d": 0.1404729684193926,
    "count": 512,
    "std_d": 0.038016644133001154
  },
  "imagenet256-ldm": {
    "mean_d": -0.005273322885235136,
    "min_d": -0.08802278836568167,
    "max_d": 0.12232077121734619,
    "count": 512,
    "std_d": 0.03377322903393662
  }
}