{
  "total_images": 100,
  "predictions_count": {
    "dall-e2": 97,
    "firefly": 1,
    "coco": 2
  },
  "predictions_percentage": {
    "dall-e2": 97.0,
    "firefly": 1.0,
    "coco": 2.0
  },
  "average_confidence": {
    "dall-e2": 0.6127933156857481,
    "firefly": 0.37592248035370157,
    "coco": 0.5222367175085314
  },
  "confidence_std": {
    "dall-e2": 0.12868848585656445,
    "firefly": 0.0,
    "coco": 0.009095991177525409
  }
}