{
  "img152.png": -0.036645714193582535,
  "img157.png": -0.03684306517243385,
  "img160.png": -0.04183405265212059,
  "img177.png": -0.0530833899974823,
  "img184.png": -0.04938558116555214,
  "img196.png": -0.03185686096549034,
  "img201.png": -0.033377815037965775,
  "img206.png": -0.03317854553461075,
  "img216.png": -0.06052520126104355,
  "img23.png": -0.042581576853990555,
  "img233.png": -0.03826633840799332,
  "img268.png": -0.021052861586213112,
  "img277.png": -0.04118328168988228,
  "img281.png": -0.039826273918151855,
  "img297.png": -0.045754268765449524,
  "img298.png": -0.03649542108178139,
  "img3.png": -0.03443978726863861,
  "img300.png": -0.05125564709305763,
  "img32.png": -0.04023345932364464,
  "img321.png": -0.0365050844848156,
  "img337.png": -0.033657193183898926,
  "img340.png": -0.03769072890281677,
  "img350.png": -0.05705396458506584,
  "img360.png": -0.02739315666258335,
  "img362.png": -0.032988861203193665,
  "img374.png": -0.038438621908426285,
  "img392.png": -0.04051242768764496,
  "img395.png": -0.054154589772224426,
  "img412.png": -0.04312445968389511,
  "img416.png": -0.049008507281541824,
  "img425.png": -0.04758317023515701,
  "img428.png": -0.03567264601588249,
  "img439.png": -0.04761730507016182,
  "img44.png": -0.03869561105966568,
  "img445.png": -0.05314135551452637,
  "img45.png": -0.04437301307916641,
  "img453.png": -0.049960315227508545,
  "img46.png": -0.052382513880729675,
  "img474.png": -0.028716301545500755,
  "img495.png": -0.03732635825872421,
  "img506.png": -0.04332274943590164,
  "img517.png": -0.03850674629211426,
  "img519.png": -0.03706623613834381,
  "img520.png": -0.0271441787481308,
  "img525.png": -0.018349539488554,
  "img526.png": -0.02699088864028454,
  "img527.png": -0.023103248327970505,
  "img529.png": -0.04079659655690193,
  "img532.png": -0.027297955006361008,
  "img543.png": -0.03497439622879028,
  "img586.png": -0.04536978155374527,
  "img599.png": -0.037641752511262894,
  "img603.png": -0.05617718771100044,
  "img604.png": -0.04515611752867699,
  "img611.png": -0.03951657563447952,
  "img615.png": -0.04120570048689842,
  "img620.png": -0.03679659962654114,
  "img621.png": -0.034865863621234894,
  "img641.png": -0.03298867493867874,
  "img644.png": -0.06805939972400665,
  "img646.png": -0.039146676659584045,
  "img648.png": -0.034971460700035095,
  "img649.png": -0.03756757825613022,
  "img656.png": -0.038933515548706055,
  "img660.png": -0.02660374529659748,
  "img663.png": -0.04429217055439949,
  "img690.png": -0.03195536509156227,
  "img691.png": -0.03024141676723957,
  "img692.png": -0.034105196595191956,
  "img703.png": -0.05392021685838699,
  "img731.png": -0.03386727720499039,
  "img732.png": -0.035896722227334976,
  "img744.png": -0.05899988114833832,
  "img779.png": -0.058044955134391785,
  "img780.png": -0.04684862121939659,
  "img787.png": -0.05481872335076332,
  "img813.png": -0.03081630729138851,
  "img816.png": -0.03944684937596321,
  "img827.png": -0.04145160689949989,
  "img839.png": -0.03460235521197319,
  "img841.png": -0.03713440150022507,
  "img845.png": -0.03426576405763626,
  "img857.png": -0.031185612082481384,
  "img870.png": -0.027833815664052963,
  "img908.png": -0.04812554642558098,
  "img914.png": -0.06357301771640778,
  "img922.png": -0.057237572968006134,
  "img925.png": -0.05159936845302582,
  "img929.png": -0.05035097524523735,
  "img930.png": -0.038062386214733124,
  "img933.png": -0.0300571508705616,
  "img956.png": -0.05959612503647804,
  "img959.png": -0.03172389045357704,
  "img961.png": -0.035168178379535675,
  "img965.png": -0.031391702592372894,
  "img969.png": -0.05480523034930229,
  "img977.png": -0.04580053687095642,
  "img978.png": -0.04591405391693115,
  "img986.png": -0.044145617634058,
  "img993.png": -0.05321230739355087
}