{
  "total_images": 200,
  "predictions_count": {
    "stable_diffusion_1_5": 182,
    "firefly": 14,
    "coco": 2,
    "sdxl": 1,
    "midjourneyV6": 1
  },
  "predictions_percentage": {
    "stable_diffusion_1_5": 91.0,
    "firefly": 7.000000000000001,
    "coco": 1.0,
    "sdxl": 0.5,
    "midjourneyV6": 0.5
  },
  "average_confidence": {
    "stable_diffusion_1_5": 0.5146239050548062,
    "firefly": 0.35676490274389533,
    "coco": 0.7887460845365821,
    "sdxl": 0.345095560759017,
    "midjourneyV6": 0.282634530438485
  },
  "confidence_std": {
    "stable_diffusion_1_5": 0.14446131379453073,
    "firefly": 0.0660514695890709,
    "coco": 0.14024616691827896,
    "sdxl": 0.0,
    "midjourneyV6": 0.0
  }
}